Basic Info,Model Family Matrix in 2023 (The latest situation),,,,,,,,,,,,,,,,,,,,,,,,,,,,,,,,,,,,,,,,,,,,,,,,
Case Index,1,,,,,,,,,,,,,,,,,,,,,,,,,,,,,,,,,,,,,,,,,,,,,,,,
Case Type,Childless Single or Two Adults Families,,,,,,,,,,,,,,,,,,,,,,,,,,,,,,,,,,,,,,,,,,,,,,,,
Country,Japan,,,,,,,,,,,,,,,,,,,,,,,,,,,,,,,,,,,,,,,,,,,,,,,,
County,,,,,,,,,,,,,,,,,,,,,,,,,,,,,,,,,,,,,,,,,,,,,,,,,
County Code,JPN,,,,,,,,,,,,,,,,,,,,,,,,,,,,,,,,,,,,,,,,,,,,,,,,
Currency,Yen (JPY),,,,,,,,,,,,,,,,,,,,,,,,,,,,,,,,,,,,,,,,,,,,,,,,
,,,,,,,,,,,,,,,,,,,,,,,,,,,,,,,,,,,,,,,,,,,,,,,,,
Category,Family Type,Single 1,,,FALSE,Single 2,,,FALSE,Couple 1,,,FALSE,Couple 2,,,FALSE,Couple 3,,,FALSE,Couple 4,,,FALSE,Couple 5,,,FALSE,Couple 6,,,FALSE,Couple 7,,,FALSE,Couple 8,,,FALSE,Couple 9,,,FALSE,Couple 10,,,FALSE
,Type,Single adult aged 45,,,,Single adult aged 45,,,,Two adults aged 45 (with no child),,,,Two adults aged 45 (with no child),,,,Two adults aged 45 (with no child),,,,Two adults aged 45 (with no child),,,,Two adults aged 45 (with no child),,,,Two adults aged 45 (with no child),,,,Two adults aged 45 (with no child),,,,Two adults aged 45 (with no child),,,,Two adults aged 45 (with no child),,,,Two adults aged 45 (with no child),,,
,Income 1,50% National Average Wage (Not Gender-Specific),,,,National Average Wage (Not Gender-Specific),,,,Minimum wage x 16 hours per week,,,,Minimum wage x 16 hours per week,,,,Minimum wage x 16 hours per week,,,,Minimum wage x 16 hours per week,,,,Minimum wage x Full-time,,,,Minimum wage x Full-time,,,,Minimum wage x Full-time,,,,50% National Average Wage (Not Gender-Specific),,,,50% National Average Wage (Not Gender-Specific),,,,National Average Wage (Not Gender-Specific),,,
,Income 2,NA,,,,NA,,,,Minimum wage x 16 hours per week,,,,Minimum wage x Full-time,,,,50% National Average Wage (Not Gender-Specific),,,,National Average Wage (Not Gender-Specific),,,,Minimum wage x Full-time,,,,50% National Average Wage (Not Gender-Specific),,,,National Average Wage (Not Gender-Specific),,,,50% National Average Wage (Not Gender-Specific),,,,National Average Wage (Not Gender-Specific),,,,National Average Wage (Not Gender-Specific),,,
,,PROGRAM,INPUT,OUTPUT,REMARK,PROGRAM,INPUT,OUTPUT,REMARK,PROGRAM,INPUT,OUTPUT,REMARK,PROGRAM,INPUT,OUTPUT,REMARK,PROGRAM,INPUT,OUTPUT,REMARK,PROGRAM,INPUT,OUTPUT,REMARK,PROGRAM,INPUT,OUTPUT,REMARK,PROGRAM,INPUT,OUTPUT,REMARK,PROGRAM,INPUT,OUTPUT,REMARK,PROGRAM,INPUT,OUTPUT,REMARK,PROGRAM,INPUT,OUTPUT,REMARK,PROGRAM,INPUT,OUTPUT,REMARK
,,,,,,,,,,,,,,,,,,,,,,,,,,,,,,,,,,,,,,,,,,,,,,,,,
PART A,Income,Family Type,Regular,Type,1,Family Type,Regular,Type,2,Family Type,Regular,Type,3,Family Type,Regular,Type,4,Family Type,Regular,Type,5,Family Type,Regular,Type,6,Family Type,Regular,Type,7,Family Type,Regular,Type,8,Family Type,Regular,Type,9,Family Type,Regular,Type,9,Family Type,Regular,Type,9,Family Type,Regular,Type,9
1,Earnings,"2022 Basic Survey on Wage Structure, Summary Report on Nationwide Result",160929,160929.0,=National average monthly earning(Not Gender-Specific) /2,"2022 Basic Survey on Wage Structure, Summary Report on Nationwide Result",321858,321858.0,=National average monthly earning(Not Gender-Specific),"2022 Basic Survey on Wage Structure, Summary Report on Nationwide Result",152265,152265.0,=1072*16h*4.3w + 1072*16h*4.3w,"2022 Basic Survey on Wage Structure, Summary Report on Nationwide Result",266465,266465.0,=1072*16h*4.3w + 1072*8h*5d*4.3w,"2022 Basic Survey on Wage Structure, Summary Report on Nationwide Result",237062,237062.0,=1072*16h*4.3w + National average monthly earning(Not Gender-Specific)/2,"2022 Basic Survey on Wage Structure, Summary Report on Nationwide Result",397991,397991.0,=1072*16h*4.3w + National average monthly earning(Not Gender-Specific),"2022 Basic Survey on Wage Structure, Summary Report on Nationwide Result",380664,380664.0,=1072*8h*5d*4.3w + 1072*8h*5d*4.3w,"2022 Basic Survey on Wage Structure, Summary Report on Nationwide Result",351261,351261.0,=1072*8h*5d*4.3w + National average monthly earning(Not Gender-Specific)/2,"2022 Basic Survey on Wage Structure, Summary Report on Nationwide Result",512190,512190.0,=1072*8h*5d*4.3w + National average monthly earning(Not Gender-Specific),"2022 Basic Survey on Wage Structure, Summary Report on Nationwide Result",321858,321858.0,=National average monthly earning(Not Gender-Specific)/2 + National average monthly earning(Not Gender-Specific)/2,"2022 Basic Survey on Wage Structure, Summary Report on Nationwide Result",482787,482787.0,=National average monthly earning(Not Gender-Specific)/2 + National average monthly earning(Not Gender-Specific),"2022 Basic Survey on Wage Structure, Summary Report on Nationwide Result",643716,643716.0,=National average monthly earning(Not Gender-Specific) + National average monthly earning(Not Gender-Specific)
2,Living subsidy,,,0.0,,,,0.0,,,,23213.0,,,,0.0,,,,0.0,,,,0.0,,,,0.0,,,,0.0,,,,0.0,,,,0.0,,,,0.0,,,,0.0,
2-1,Low-income living subsidy ,,0,,,,0,,,Public Assistance(Living),23213,,"=[Actual Receiving Amount]*[the proportion of Living in the Public Assistance Payment(%)]
[Actual Receiving Amount]=[Minimum Cost]-[Earning + Pension + Other Subsidies or Payment]
[Minimum Cost]=[Basic standard]+[Single-parent addition]+[Child raring addition]
①There is a minimum cost of living threshold, mainly depending on the compositon of the household. ②If a household's total income, including earnings, pension, subsidies or payments that received, is lower than the minimum cost of living, the household is eligible to receive Public Asisstance, so the insufficient part of money will be paid. ③The Public Asisstance consists of two basic parts when it comes to cash benefits: living and housing. We calculate the amount of Public Asisstance payment when the household's income is not Zero, and devide it into living and housing benefits with a proper ratio(please refer to the sheet named Public Allowance Proportion).",,0,,,,0,,,,0,,,,0,,,,0,,,,0,,,,0,,,,0,,,,0,,
3,Nutrition/food-related subsidy,,0,0.0,,,0,0.0,,,0,0.0,,,0,0.0,,,0,0.0,,,0,0.0,,,0,0.0,,,0,0.0,,,0,0.0,,,0,0.0,,,0,0.0,,,0,0.0,
4,Childcare related subsidy,,0,0.0,,,0,0.0,,,,0.0,,,,0.0,,,,0.0,,,,0.0,,,,0.0,,,,0.0,,,,0.0,,,,0.0,,,,0.0,,,,0.0,
5,Child benefits,,,0.0,,,,0.0,,,,0.0,,,,0.0,,,,0.0,,,,0.0,,,,0.0,,,,0.0,,,,0.0,,,,0.0,,,,0.0,,,,0.0,
5-1,Child Allowance,,0,,,,0,,,,0,,,,0,,,,0,,,,0,,,,0,,,,0,,,,0,,,,0,,,,0,,,,0,,
5-2,Child Rearing Allowance(for single-parent),,0,,,,0,,,,0,,,,0,,,,0,,,,0,,,,0,,,,0,,,,0,,,,0,,,,0,,,,0,,
5-3,Child Growing up Allowance(Tokyo),,0,,,,0,,,,0,,,,0,,,,0,,,,0,,,,0,,,,0,,,,0,,,,0,,,,0,,,,0,,
6,Fertility benefits,,0,0.0,,,0,0.0,,,0,0.0,,,0,0.0,,,0,0.0,,,0,0.0,,,0,0.0,,,0,0.0,,,0,0.0,,,0,0.0,,,0,0.0,,,0,0.0,
7,Education related subsidy,,,0.0,,,,0.0,,,,0.0,,,,0.0,,,,0.0,,,,0.0,,,,0.0,,,,0.0,,,,0.0,,,,0.0,,,,0.0,,,,0.0,
7-1,School basic expense related,,0,,,,0,,,,0,,,,0,,,,0,,,,0,,,,0,,,,0,,,,0,,,,0,,,,0,,,,0,,
7-2,Textbook related,,0,,,,0,,,,0,,,,0,,,,0,,,,0,,,,0,,,,0,,,,0,,,,0,,,,0,,,,0,,
7-3,School meal related,,0,,,,0,,,,0,,,,0,,,,0,,,,0,,,,0,,,,0,,,,0,,,,0,,,,0,,,,0,,
7-4,School Club expense related,,0,,,,0,,,,0,,,,0,,,,0,,,,0,,,,0,,,,0,,,,0,,,,0,,,,0,,,,0,,
7-5,School entrance preparation related,,0,,,,0,,,,0,,,,0,,,,0,,,,0,,,,0,,,,0,,,,0,,,,0,,,,0,,,,0,,
8,Housing related subsidy ,,0,0.0,,,0,0.0,,Public Assistance(Housing),12012,12012.0,"=[Actual Receiving Amount]*[the proportion of Housing in the Public Assistance Payment(%)]
[Actual Receiving Amount]=[Minimum Cost]-[Earning + Pension + Other Subsidies or Payment]
[Minimum Cost]=[Basic standard]+[Single-parent addition]+[Child raring addition]
①There is a minimum cost of living threshold, mainly depending on the compositon of the household. ②If a household's total income, including earnings, pension, subsidies or payments that received, is lower than the minimum cost of living, the household is eligible to receive Public Asisstance, so the insufficient part of money will be paid. ③The Public Asisstance consists of two basic parts when it comes to cash benefits: living and housing. We calculate the amount of Public Asisstance payment when the household's income is not Zero, and devide it into living and housing benefits with a proper ratio(please refer to the sheet named Public Allowance Proportion).",,0,0.0,,,0,0.0,,,0,0.0,,,0,0.0,,,0,0.0,,,0,0.0,,,0,0.0,,,0,0.0,,,0,0.0,
9,Medical related subsidy,,0,0.0,,,0,0.0,,,0,0.0,,,0,0.0,,,0,0.0,,,0,0.0,,,0,0.0,,,0,0.0,,,0,0.0,,,0,0.0,,,0,0.0,,,0,0.0,
10,Utility subsidy,,0,0.0,,,0,0.0,,,0,0.0,,,0,0.0,,,0,0.0,,,0,0.0,,,0,0.0,,,0,0.0,,,0,0.0,,,0,0.0,,,0,0.0,,,0,0.0,
11,Transportation subsidy,,0,0.0,,,0,0.0,,,0,0.0,,,0,0.0,,,0,0.0,,,0,0.0,,,0,0.0,,,0,0.0,,,0,0.0,,,0,0.0,,,0,0.0,,,0,0.0,
12,Social security subsidy,,,0.0,,,,0.0,,,,0.0,,,,0.0,,,,0.0,,,,0.0,,,,0.0,,,,0.0,,,,0.0,,,,0.0,,,,0.0,,,,0.0,
12-1,Pension,,0,,,,0,,,,0,,,,0,,,,0,,,,0,,,,0,,,,0,,,,0,,,,0,,,,0,,,,0,,
12-2,Health Insurance,,0,,,,0,,,,0,,,,0,,,,0,,,,0,,,,0,,,,0,,,,0,,,,0,,,,0,,,,0,,
13,"Tax subsidy (e.g., earned income tax credit)",,0,0.0,,,0,0.0,,,0,0.0,,,0,0.0,,,0,0.0,,,0,0.0,,,0,0.0,,,0,0.0,,,0,0.0,,,0,0.0,,,0,0.0,,,0,0.0,
14,Work related subsidy (not tax credit),,0,0.0,,,0,0.0,,,0,0.0,,,0,0.0,,,0,0.0,,,0,0.0,,,0,0.0,,,0,0.0,,,0,0.0,,,0,0.0,,,0,0.0,,,0,0.0,
15,Unemployment insurance payment,,0,0.0,,,0,0.0,,,0,0.0,,,0,0.0,,,0,0.0,,,0,0.0,,,0,0.0,,,0,0.0,,,0,0.0,,,0,0.0,,,0,0.0,,,0,0.0,
16,Unemployment subsidy,,0,0.0,,,0,0.0,,,0,0.0,,,0,0.0,,,0,0.0,,,0,0.0,,,0,0.0,,,0,0.0,,,0,0.0,,,0,0.0,,,0,0.0,,,0,0.0,
17,Others,,0,0.0,,,0,0.0,,,0,0.0,,,0,0.0,,,0,0.0,,,0,0.0,,,0,0.0,,,0,0.0,,,0,0.0,,,0,0.0,,,0,0.0,,,0,0.0,
17-1,,,,,,,,,,,,,,,,,,,,,,,,,,,,,,,,,,,,,,,,,,,,,,,,,
17-2,,,,,,,,,,,,,,,,,,,,,,,,,,,,,,,,,,,,,,,,,,,,,,,,,
END,,,,,,,,,,,,,,,,,,,,,,,,,,,,,,,,,,,,,,,,,,,,,,,,,
,,,,,,,,,,,,,,,,,,,,,,,,,,,,,,,,,,,,,,,,,,,,,,,,,
PART B,Expense,,,,,,,,,,,,,,,,,,,,,,,,,,,,,,,,,,,,,,,,,,,,,,,,
,Type,Single adult aged 45,,,,Single adult aged 45,,,,Two adults aged 45 (with no child),,,,Two adults aged 45 (with no child),,,,Two adults aged 45 (with no child),,,,Two adults aged 45 (with no child),,,,Two adults aged 45 (with no child),,,,Two adults aged 45 (with no child),,,,Two adults aged 45 (with no child),,,,Two adults aged 45 (with no child),,,,Two adults aged 45 (with no child),,,,Two adults aged 45 (with no child),,,
,Income 1,50% National Average Wage (Not Gender-Specific),,,,National Average Wage (Not Gender-Specific),,,,Minimum wage x 16 hours per week,,,,Minimum wage x 16 hours per week,,,,Minimum wage x 16 hours per week,,,,Minimum wage x 16 hours per week,,,,Minimum wage x Full-time,,,,Minimum wage x Full-time,,,,Minimum wage x Full-time,,,,50% National Average Wage (Not Gender-Specific),,,,50% National Average Wage (Not Gender-Specific),,,,National Average Wage (Not Gender-Specific),,,
,Income 2,NA,,,,NA,,,,Minimum wage x 16 hours per week,,,,Minimum wage x Full-time,,,,50% National Average Wage (Not Gender-Specific),,,,National Average Wage (Not Gender-Specific),,,,Minimum wage x Full-time,,,,50% National Average Wage (Not Gender-Specific),,,,National Average Wage (Not Gender-Specific),,,,50% National Average Wage (Not Gender-Specific),,,,National Average Wage (Not Gender-Specific),,,,National Average Wage (Not Gender-Specific),,,
1,Income Tax ,About Tax(Local tax),-2087,-2087.0,=annual income tax/12  (please refer to the sheet named Social Insurance and Tax).,About Tax(Local tax),-6617,-6617.0,=annual income tax/12  (please refer to the sheet named Social Insurance and Tax).,,0,0.0,,About Tax(Local tax),-1148,-1148.0,=annual income tax/12  (please refer to the sheet named Social Insurance and Tax).,About Tax(Local tax),-366,-366.0,=annual income tax/12  (please refer to the sheet named Social Insurance and Tax).,About Tax(Local tax),-4708,-4708.0,=annual income tax/12  (please refer to the sheet named Social Insurance and Tax).,About Tax(Local tax),-5463,-5463.0,=annual income tax/12  (please refer to the sheet named Social Insurance and Tax).,About Tax(Local tax),-4681,-4681.0,=annual income tax/12  (please refer to the sheet named Social Insurance and Tax).,About Tax(Local tax),-9023,-9023.0,=annual income tax/12  (please refer to the sheet named Social Insurance and Tax).,About Tax(Local tax),-3899,-3899.0,=annual income tax/12  (please refer to the sheet named Social Insurance and Tax).,About Tax(Local tax),-8240,-8240.0,=annual income tax/12  (please refer to the sheet named Social Insurance and Tax).,About Tax(Local tax),-12582,-12582.0,=annual income tax/12  (please refer to the sheet named Social Insurance and Tax).
2,Local Tax,About Tax(Income tax),-5008,-5008.0,=annual local tax/12  (please refer to the sheet named Social Insurance and Tax).,About Tax(Income tax),-14068,-14068.0,=annual local tax/12  (please refer to the sheet named Social Insurance and Tax).,,0,0.0,,About Tax(Income tax),-3547,-3547.0,=annual local tax/12  (please refer to the sheet named Social Insurance and Tax).,About Tax(Income tax),-1982,-1982.0,=annual local tax/12  (please refer to the sheet named Social Insurance and Tax).,About Tax(Income tax),-10665,-10665.0,=annual local tax/12  (please refer to the sheet named Social Insurance and Tax).,About Tax(Income tax),-12594,-12594.0,=annual local tax/12  (please refer to the sheet named Social Insurance and Tax).,About Tax(Income tax),-11029,-11029.0,=annual local tax/12  (please refer to the sheet named Social Insurance and Tax).,About Tax(Income tax),-19712,-19712.0,=annual local tax/12  (please refer to the sheet named Social Insurance and Tax).,About Tax(Income tax),-9464,-9464.0,=annual local tax/12  (please refer to the sheet named Social Insurance and Tax).,About Tax(Income tax),-18147,-18147.0,=annual local tax/12  (please refer to the sheet named Social Insurance and Tax).,About Tax(Income tax),-26830,-26830.0,=annual local tax/12  (please refer to the sheet named Social Insurance and Tax).
3,Social security - Pension,About Employees' Pension,-14725,-14725.0,=annual premium /12  (please refer to the sheet named Social Insurance and Tax).,About Employees' Pension,-29450,-29450.0,=annual premium /12  (please refer to the sheet named Social Insurance and Tax).,,0,0.0,,About Employees' Pension,-16871,-16871.0,=annual premium /12  (please refer to the sheet named Social Insurance and Tax).,About Employees' Pension,-14265,-14265.0,=annual premium /12  (please refer to the sheet named Social Insurance and Tax).,About Employees' Pension,-28530,-28530.0,=annual premium /12  (please refer to the sheet named Social Insurance and Tax).,About Employees' Pension,-33742,-33742.0,=annual premium /12  (please refer to the sheet named Social Insurance and Tax).,About Employees' Pension,-31136,-31136.0,=annual premium /12  (please refer to the sheet named Social Insurance and Tax).,About Employees' Pension,-45401,-45401.0,=annual premium /12  (please refer to the sheet named Social Insurance and Tax).,About Employees' Pension,-28530,-28530.0,=annual premium /12  (please refer to the sheet named Social Insurance and Tax).,About Employees' Pension,-42795,-42795.0,=annual premium /12  (please refer to the sheet named Social Insurance and Tax).,About Employees' Pension,-57059,-57059.0,=annual premium /12  (please refer to the sheet named Social Insurance and Tax).
4,Social security - Health insurance,About Employees’ Health Insurance(Japan Health Insurance Association),-9511,-9511.0,=annual premium /12  (please refer to the sheet named Social Insurance and Tax).,About Employees’ Health Insurance(Japan Health Insurance Association),-19022,-19022.0,=annual premium /12  (please refer to the sheet named Social Insurance and Tax).,,0,0.0,,About Employees’ Health Insurance(Japan Health Insurance Association),-10897,-10897.0,=annual premium /12  (please refer to the sheet named Social Insurance and Tax).,About Employees’ Health Insurance(Japan Health Insurance Association),-9214,-9214.0,=annual premium /12  (please refer to the sheet named Social Insurance and Tax).,About Employees’ Health Insurance(Japan Health Insurance Association),-18427,-18427.0,=annual premium /12  (please refer to the sheet named Social Insurance and Tax).,About Employees’ Health Insurance(Japan Health Insurance Association),-21794,-21794.0,=annual premium /12  (please refer to the sheet named Social Insurance and Tax).,About Employees’ Health Insurance(Japan Health Insurance Association),-20111,-20111.0,=annual premium /12  (please refer to the sheet named Social Insurance and Tax).,About Employees’ Health Insurance(Japan Health Insurance Association),-29325,-29325.0,=annual premium /12  (please refer to the sheet named Social Insurance and Tax).,About Employees’ Health Insurance(Japan Health Insurance Association),-18427,-18427.0,=annual premium /12  (please refer to the sheet named Social Insurance and Tax).,About Employees’ Health Insurance(Japan Health Insurance Association),-27641,-27641.0,=annual premium /12  (please refer to the sheet named Social Insurance and Tax).,About Employees’ Health Insurance(Japan Health Insurance Association),-36855,-36855.0,=annual premium /12  (please refer to the sheet named Social Insurance and Tax).
5,Social security - Unemployment insurance or employment insurance,About Employment Insurance,-966,-966.0,=annual premium /12  (please refer to the sheet named Social Insurance and Tax).,About Employment Insurance,-1931,-1931.0,=annual premium /12  (please refer to the sheet named Social Insurance and Tax).,,0,0.0,,About Employment Insurance,-1106,-1106.0,=annual premium /12  (please refer to the sheet named Social Insurance and Tax).,About Employment Insurance,-935,-935.0,=annual premium /12  (please refer to the sheet named Social Insurance and Tax).,About Employment Insurance,-1871,-1871.0,=annual premium /12  (please refer to the sheet named Social Insurance and Tax).,About Employment Insurance,-2213,-2213.0,=annual premium /12  (please refer to the sheet named Social Insurance and Tax).,About Employment Insurance,-2042,-2042.0,=annual premium /12  (please refer to the sheet named Social Insurance and Tax).,About Employment Insurance,-2977,-2977.0,=annual premium /12  (please refer to the sheet named Social Insurance and Tax).,About Employment Insurance,-1871,-1871.0,=annual premium /12  (please refer to the sheet named Social Insurance and Tax).,About Employment Insurance,-2806,-2806.0,=annual premium /12  (please refer to the sheet named Social Insurance and Tax).,About Employment Insurance,-3742,-3742.0,=annual premium /12  (please refer to the sheet named Social Insurance and Tax).
6,Social security - Other contributions,,0,0.0,,,0,0.0,,,0,0.0,,,0,0.0,,,0,0.0,,,0,0.0,,,0,0.0,,,0,0.0,,,0,0.0,,,0,0.0,,,0,0.0,,,0,0.0,
7,Childcare cost (median/average),,,0.0,,,,0.0,,,,0.0,,,,0.0,,,,0.0,,,,0.0,,,,0.0,,,,0.0,,,,0.0,,,,0.0,,,,0.0,,,,0.0,
7-1,Kindergarten cost,,0,,,,0,,,,0,,,,0,,,,0,,,,0,,,,0,,,,0,,,,0,,,,0,,,,0,,,,0,,
7-2,Childcare fee,,0,,,,0,,,,0,,,,0,,,,0,,,,0,,,,0,,,,0,,,,0,,,,0,,,,0,,,,0,,
7-3,Miscellaneous cost,,0,,,,0,,,,0,,,,0,,,,0,,,,0,,,,0,,,,0,,,,0,,,,0,,,,0,,,,0,,
8,School cost (median/average),,,0.0,,,,0.0,,,,0.0,,,,0.0,,,,0.0,,,,0.0,,,,0.0,,,,0.0,,,,0.0,,,,0.0,,,,0.0,,,,0.0,
8-1,School fee,,0,,,,0,,,,0,,,,0,,,,0,,,,0,,,,0,,,,0,,,,0,,,,0,,,,0,,,,0,,
8-2,Uniform cost,,0,,,,0,,,,0,,,,0,,,,0,,,,0,,,,0,,,,0,,,,0,,,,0,,,,0,,,,0,,
8-3,Textbook cost,,0,,,,0,,,,0,,,,0,,,,0,,,,0,,,,0,,,,0,,,,0,,,,0,,,,0,,,,0,,
8-4,School club cost,,0,,,,0,,,,0,,,,0,,,,0,,,,0,,,,0,,,,0,,,,0,,,,0,,,,0,,,,0,,
8-5,Meal (lunch) cost,,0,,,,0,,,,0,,,,0,,,,0,,,,0,,,,0,,,,0,,,,0,,,,0,,,,0,,,,0,,
8-6,Miscellaneous cost,,0,,,,0,,,,0,,,,0,,,,0,,,,0,,,,0,,,,0,,,,0,,,,0,,,,0,,,,0,,
9,Healthcare cost (median/average),,,-6204.0,,,,-6204.0,,,,-5657.0,,,,-12410.0,,,,-12410.0,,,,-12410.0,,,,-12410.0,,,,-12410.0,,,,-12410.0,,,,-12410.0,,,,-12410.0,,,,-12410.0,
9-1,Medical cost (applicable for both health insurance and public assistance),2022 Tokyo Metropolitan Livelihood Analysis Survey Report,-3005,,=-8443/2.9*1  (please refer to the sheet named Medical Expense & Subsidy),2022 Tokyo Metropolitan Livelihood Analysis Survey Report,-3005,,=-8443/2.9*1  (please refer to the sheet named Medical Expense & Subsidy),Puclic Assistance(medical care),0,,Free,2022 Tokyo Metropolitan Livelihood Analysis Survey Report,-6011,,=-8443/2.9*2  (please refer to the sheet named Medical Expense & Subsidy),2022 Tokyo Metropolitan Livelihood Analysis Survey Report,-6011,,=-8443/2.9*2  (please refer to the sheet named Medical Expense & Subsidy),2022 Tokyo Metropolitan Livelihood Analysis Survey Report,-6011,,=-8443/2.9*2  (please refer to the sheet named Medical Expense & Subsidy),2022 Tokyo Metropolitan Livelihood Analysis Survey Report,-6011,,=-8443/2.9*2  (please refer to the sheet named Medical Expense & Subsidy),2022 Tokyo Metropolitan Livelihood Analysis Survey Report,-6011,,=-8443/2.9*2  (please refer to the sheet named Medical Expense & Subsidy),2022 Tokyo Metropolitan Livelihood Analysis Survey Report,-6011,,=-8443/2.9*2  (please refer to the sheet named Medical Expense & Subsidy),2022 Tokyo Metropolitan Livelihood Analysis Survey Report,-6011,,=-8443/2.9*2  (please refer to the sheet named Medical Expense & Subsidy),2022 Tokyo Metropolitan Livelihood Analysis Survey Report,-6011,,=-8443/2.9*2  (please refer to the sheet named Medical Expense & Subsidy),2022 Tokyo Metropolitan Livelihood Analysis Survey Report,-6011,,=-8443/2.9*2  (please refer to the sheet named Medical Expense & Subsidy)
9-2,Medical cost (applicable for public assistance only),2022 Tokyo Metropolitan Livelihood Analysis Survey Report,-371,,=-1042/2.9*1,2022 Tokyo Metropolitan Livelihood Analysis Survey Report,-371,,=-1042/2.9*1,Puclic Assistance(medical care),0,,Free,2022 Tokyo Metropolitan Livelihood Analysis Survey Report,-742,,=-1042/2.9*2,2022 Tokyo Metropolitan Livelihood Analysis Survey Report,-742,,=-1042/2.9*2,2022 Tokyo Metropolitan Livelihood Analysis Survey Report,-742,,=-1042/2.9*2,2022 Tokyo Metropolitan Livelihood Analysis Survey Report,-742,,=-1042/2.9*2,2022 Tokyo Metropolitan Livelihood Analysis Survey Report,-742,,=-1042/2.9*2,2022 Tokyo Metropolitan Livelihood Analysis Survey Report,-742,,=-1042/2.9*2,2022 Tokyo Metropolitan Livelihood Analysis Survey Report,-742,,=-1042/2.9*2,2022 Tokyo Metropolitan Livelihood Analysis Survey Report,-742,,=-1042/2.9*2,2022 Tokyo Metropolitan Livelihood Analysis Survey Report,-742,,=-1042/2.9*2
9-3,Medical cost (not applicable for neither),2022 Tokyo Metropolitan Livelihood Analysis Survey Report,-2828,,=-7946/2.9*1,2022 Tokyo Metropolitan Livelihood Analysis Survey Report,-2828,,=-7946/2.9*1,2022 Tokyo Metropolitan Livelihood Analysis Survey Report,-5657,,=-7946/2.9*2,2022 Tokyo Metropolitan Livelihood Analysis Survey Report,-5657,,=-7946/2.9*2,2022 Tokyo Metropolitan Livelihood Analysis Survey Report,-5657,,=-7946/2.9*2,2022 Tokyo Metropolitan Livelihood Analysis Survey Report,-5657,,=-7946/2.9*2,2022 Tokyo Metropolitan Livelihood Analysis Survey Report,-5657,,=-7946/2.9*2,2022 Tokyo Metropolitan Livelihood Analysis Survey Report,-5657,,=-7946/2.9*2,2022 Tokyo Metropolitan Livelihood Analysis Survey Report,-5657,,=-7946/2.9*2,2022 Tokyo Metropolitan Livelihood Analysis Survey Report,-5657,,=-7946/2.9*2,2022 Tokyo Metropolitan Livelihood Analysis Survey Report,-5657,,=-7946/2.9*2,2022 Tokyo Metropolitan Livelihood Analysis Survey Report,-5657,,=-7946/2.9*2
10,Housing rent ,2019 Household Economy Structure Survey(imputed rent),-46708,-46708.0,National average imputed rent by household types,2019 Household Economy Structure Survey(imputed rent),-46708,-46708.0,National average imputed rent by household types,2019 Household Economy Structure Survey(imputed rent),-98659,-98659.0,National average imputed rent by household types,2019 Household Economy Structure Survey(imputed rent),-98659,-98659.0,National average imputed rent by household types,2019 Household Economy Structure Survey(imputed rent),-98659,-98659.0,National average imputed rent by household types,2019 Household Economy Structure Survey(imputed rent),-98659,-98659.0,National average imputed rent by household types,2019 Household Economy Structure Survey(imputed rent),-98659,-98659.0,National average imputed rent by household types,2019 Household Economy Structure Survey(imputed rent),-98659,-98659.0,National average imputed rent by household types,2019 Household Economy Structure Survey(imputed rent),-98659,-98659.0,National average imputed rent by household types,2019 Household Economy Structure Survey(imputed rent),-98659,-98659.0,National average imputed rent by household types,2019 Household Economy Structure Survey(imputed rent),-98659,-98659.0,National average imputed rent by household types,2019 Household Economy Structure Survey(imputed rent),-98659,-98659.0,National average imputed rent by household types
11,Utility cost (median/average),2022 Tokyo Metropolitan Livelihood Analysis Survey Report,-14141,-14141.0,=-23328/SQRT(2.9)*1,2022 Tokyo Metropolitan Livelihood Analysis Survey Report,-14141,-14141.0,=-23328/SQRT(2.9)*1,2022 Tokyo Metropolitan Livelihood Analysis Survey Report,-19797,-19797.0,=-23328/SQRT(2.9)*1,2022 Tokyo Metropolitan Livelihood Analysis Survey Report,-19797,-19797.0,=-23328/SQRT(2.9)*1,2022 Tokyo Metropolitan Livelihood Analysis Survey Report,-19797,-19797.0,=-23328/SQRT(2.9)*1,2022 Tokyo Metropolitan Livelihood Analysis Survey Report,-19797,-19797.0,=-23328/SQRT(2.9)*1,2022 Tokyo Metropolitan Livelihood Analysis Survey Report,-19797,-19797.0,=-23328/SQRT(2.9)*1,2022 Tokyo Metropolitan Livelihood Analysis Survey Report,-19797,-19797.0,=-23328/SQRT(2.9)*1,2022 Tokyo Metropolitan Livelihood Analysis Survey Report,-19797,-19797.0,=-23328/SQRT(2.9)*1,2022 Tokyo Metropolitan Livelihood Analysis Survey Report,-19797,-19797.0,=-23328/SQRT(2.9)*1,2022 Tokyo Metropolitan Livelihood Analysis Survey Report,-19797,-19797.0,=-23328/SQRT(2.9)*1,2022 Tokyo Metropolitan Livelihood Analysis Survey Report,-19797,-19797.0,=-23328/SQRT(2.9)*1
12,Food & Groceries (median/average),2022 Tokyo Metropolitan Livelihood Analysis Survey Report,-53876,-53876.0,=-88881/SQRT(2.9)*1,2022 Tokyo Metropolitan Livelihood Analysis Survey Report,-53876,-53876.0,=-88881/SQRT(2.9)*1,2022 Tokyo Metropolitan Livelihood Analysis Survey Report,-75427,-75427.0,=-88881/SQRT(2.9)*1,2022 Tokyo Metropolitan Livelihood Analysis Survey Report,-75427,-75427.0,=-88881/SQRT(2.9)*1,2022 Tokyo Metropolitan Livelihood Analysis Survey Report,-75427,-75427.0,=-88881/SQRT(2.9)*1,2022 Tokyo Metropolitan Livelihood Analysis Survey Report,-75427,-75427.0,=-88881/SQRT(2.9)*1,2022 Tokyo Metropolitan Livelihood Analysis Survey Report,-75427,-75427.0,=-88881/SQRT(2.9)*1,2022 Tokyo Metropolitan Livelihood Analysis Survey Report,-75427,-75427.0,=-88881/SQRT(2.9)*1,2022 Tokyo Metropolitan Livelihood Analysis Survey Report,-75427,-75427.0,=-88881/SQRT(2.9)*1,2022 Tokyo Metropolitan Livelihood Analysis Survey Report,-75427,-75427.0,=-88881/SQRT(2.9)*1,2022 Tokyo Metropolitan Livelihood Analysis Survey Report,-75427,-75427.0,=-88881/SQRT(2.9)*1,2022 Tokyo Metropolitan Livelihood Analysis Survey Report,-75427,-75427.0,=-88881/SQRT(2.9)*1
13,Telecommunications cost (median/average),2022 Tokyo Metropolitan Livelihood Analysis Survey Report,-7270,-7270.0,=-11994/SQRT(2.9)*1,2022 Tokyo Metropolitan Livelihood Analysis Survey Report,-7270,-7270.0,=-11994/SQRT(2.9)*1,2022 Tokyo Metropolitan Livelihood Analysis Survey Report,-10178,-10178.0,=-11994/SQRT(2.9)*1,2022 Tokyo Metropolitan Livelihood Analysis Survey Report,-10178,-10178.0,=-11994/SQRT(2.9)*1,2022 Tokyo Metropolitan Livelihood Analysis Survey Report,-10178,-10178.0,=-11994/SQRT(2.9)*1,2022 Tokyo Metropolitan Livelihood Analysis Survey Report,-10178,-10178.0,=-11994/SQRT(2.9)*1,2022 Tokyo Metropolitan Livelihood Analysis Survey Report,-10178,-10178.0,=-11994/SQRT(2.9)*1,2022 Tokyo Metropolitan Livelihood Analysis Survey Report,-10178,-10178.0,=-11994/SQRT(2.9)*1,2022 Tokyo Metropolitan Livelihood Analysis Survey Report,-10178,-10178.0,=-11994/SQRT(2.9)*1,2022 Tokyo Metropolitan Livelihood Analysis Survey Report,-10178,-10178.0,=-11994/SQRT(2.9)*1,2022 Tokyo Metropolitan Livelihood Analysis Survey Report,-10178,-10178.0,=-11994/SQRT(2.9)*1,2022 Tokyo Metropolitan Livelihood Analysis Survey Report,-10178,-10178.0,=-11994/SQRT(2.9)*1
14,Transportation cost,2022 Tokyo Metropolitan Livelihood Analysis Survey Report,-13874,-13874.0,=-(7665+15224)/SQRT(2.9)*1,2022 Tokyo Metropolitan Livelihood Analysis Survey Report,-13874,-13874.0,=-(7665+15224)/SQRT(2.9)*1,2022 Tokyo Metropolitan Livelihood Analysis Survey Report,-19424,-19424.0,=-(7665+15224)/SQRT(2.9)*1,2022 Tokyo Metropolitan Livelihood Analysis Survey Report,-19424,-19424.0,=-(7665+15224)/SQRT(2.9)*1,2022 Tokyo Metropolitan Livelihood Analysis Survey Report,-19424,-19424.0,=-(7665+15224)/SQRT(2.9)*1,2022 Tokyo Metropolitan Livelihood Analysis Survey Report,-19424,-19424.0,=-(7665+15224)/SQRT(2.9)*1,2022 Tokyo Metropolitan Livelihood Analysis Survey Report,-19424,-19424.0,=-(7665+15224)/SQRT(2.9)*1,2022 Tokyo Metropolitan Livelihood Analysis Survey Report,-19424,-19424.0,=-(7665+15224)/SQRT(2.9)*1,2022 Tokyo Metropolitan Livelihood Analysis Survey Report,-19424,-19424.0,=-(7665+15224)/SQRT(2.9)*1,2022 Tokyo Metropolitan Livelihood Analysis Survey Report,-19424,-19424.0,=-(7665+15224)/SQRT(2.9)*1,2022 Tokyo Metropolitan Livelihood Analysis Survey Report,-19424,-19424.0,=-(7665+15224)/SQRT(2.9)*1,2022 Tokyo Metropolitan Livelihood Analysis Survey Report,-19424,-19424.0,=-(7665+15224)/SQRT(2.9)*1
15,Others,,,-68981.0,,,,-68981.0,,,,-96574.0,,,,-96574.0,,,,-96574.0,,,,-96574.0,,,,-96574.0,,,,-96574.0,,,,-96574.0,,,,-96574.0,,,,-96574.0,,,,-96574.0,
15-1,Furniture & Housewares,2022 Tokyo Metropolitan Livelihood Analysis Survey Report,-7739,,=-12768/SQRT(2.9)*1,2022 Tokyo Metropolitan Livelihood Analysis Survey Report,-7739,,=-12768/SQRT(2.9)*1,2022 Tokyo Metropolitan Livelihood Analysis Survey Report,-10835,,=-12768/SQRT(2.9)*1,2022 Tokyo Metropolitan Livelihood Analysis Survey Report,-10835,,=-12768/SQRT(2.9)*1,2022 Tokyo Metropolitan Livelihood Analysis Survey Report,-10835,,=-12768/SQRT(2.9)*1,2022 Tokyo Metropolitan Livelihood Analysis Survey Report,-10835,,=-12768/SQRT(2.9)*1,2022 Tokyo Metropolitan Livelihood Analysis Survey Report,-10835,,=-12768/SQRT(2.9)*1,2022 Tokyo Metropolitan Livelihood Analysis Survey Report,-10835,,=-12768/SQRT(2.9)*1,2022 Tokyo Metropolitan Livelihood Analysis Survey Report,-10835,,=-12768/SQRT(2.9)*1,2022 Tokyo Metropolitan Livelihood Analysis Survey Report,-10835,,=-12768/SQRT(2.9)*1,2022 Tokyo Metropolitan Livelihood Analysis Survey Report,-10835,,=-12768/SQRT(2.9)*1,2022 Tokyo Metropolitan Livelihood Analysis Survey Report,-10835,,=-12768/SQRT(2.9)*1
15-2,Clothing and Footwear,2022 Tokyo Metropolitan Livelihood Analysis Survey Report,-7126,,=-11756/SQRT(2.9)*1,2022 Tokyo Metropolitan Livelihood Analysis Survey Report,-7126,,=-11756/SQRT(2.9)*1,2022 Tokyo Metropolitan Livelihood Analysis Survey Report,-9976,,=-11756/SQRT(2.9)*1,2022 Tokyo Metropolitan Livelihood Analysis Survey Report,-9976,,=-11756/SQRT(2.9)*1,2022 Tokyo Metropolitan Livelihood Analysis Survey Report,-9976,,=-11756/SQRT(2.9)*1,2022 Tokyo Metropolitan Livelihood Analysis Survey Report,-9976,,=-11756/SQRT(2.9)*1,2022 Tokyo Metropolitan Livelihood Analysis Survey Report,-9976,,=-11756/SQRT(2.9)*1,2022 Tokyo Metropolitan Livelihood Analysis Survey Report,-9976,,=-11756/SQRT(2.9)*1,2022 Tokyo Metropolitan Livelihood Analysis Survey Report,-9976,,=-11756/SQRT(2.9)*1,2022 Tokyo Metropolitan Livelihood Analysis Survey Report,-9976,,=-11756/SQRT(2.9)*1,2022 Tokyo Metropolitan Livelihood Analysis Survey Report,-9976,,=-11756/SQRT(2.9)*1,2022 Tokyo Metropolitan Livelihood Analysis Survey Report,-9976,,=-11756/SQRT(2.9)*1
15-3,Culture and Entertainment,2022 Tokyo Metropolitan Livelihood Analysis Survey Report,-21238,,=-35037/SQRT(2.9)*1,2022 Tokyo Metropolitan Livelihood Analysis Survey Report,-21238,,=-35037/SQRT(2.9)*1,2022 Tokyo Metropolitan Livelihood Analysis Survey Report,-29733,,=-35037/SQRT(2.9)*1,2022 Tokyo Metropolitan Livelihood Analysis Survey Report,-29733,,=-35037/SQRT(2.9)*1,2022 Tokyo Metropolitan Livelihood Analysis Survey Report,-29733,,=-35037/SQRT(2.9)*1,2022 Tokyo Metropolitan Livelihood Analysis Survey Report,-29733,,=-35037/SQRT(2.9)*1,2022 Tokyo Metropolitan Livelihood Analysis Survey Report,-29733,,=-35037/SQRT(2.9)*1,2022 Tokyo Metropolitan Livelihood Analysis Survey Report,-29733,,=-35037/SQRT(2.9)*1,2022 Tokyo Metropolitan Livelihood Analysis Survey Report,-29733,,=-35037/SQRT(2.9)*1,2022 Tokyo Metropolitan Livelihood Analysis Survey Report,-29733,,=-35037/SQRT(2.9)*1,2022 Tokyo Metropolitan Livelihood Analysis Survey Report,-29733,,=-35037/SQRT(2.9)*1,2022 Tokyo Metropolitan Livelihood Analysis Survey Report,-29733,,=-35037/SQRT(2.9)*1
15-4,Other cost,2022 Tokyo Metropolitan Livelihood Analysis Survey Report,-32878,,=-54240/SQRT(2.9)*1,2022 Tokyo Metropolitan Livelihood Analysis Survey Report,-32878,,=-54240/SQRT(2.9)*1,2022 Tokyo Metropolitan Livelihood Analysis Survey Report,-46030,,=-54240/SQRT(2.9)*1,2022 Tokyo Metropolitan Livelihood Analysis Survey Report,-46030,,=-54240/SQRT(2.9)*1,2022 Tokyo Metropolitan Livelihood Analysis Survey Report,-46030,,=-54240/SQRT(2.9)*1,2022 Tokyo Metropolitan Livelihood Analysis Survey Report,-46030,,=-54240/SQRT(2.9)*1,2022 Tokyo Metropolitan Livelihood Analysis Survey Report,-46030,,=-54240/SQRT(2.9)*1,2022 Tokyo Metropolitan Livelihood Analysis Survey Report,-46030,,=-54240/SQRT(2.9)*1,2022 Tokyo Metropolitan Livelihood Analysis Survey Report,-46030,,=-54240/SQRT(2.9)*1,2022 Tokyo Metropolitan Livelihood Analysis Survey Report,-46030,,=-54240/SQRT(2.9)*1,2022 Tokyo Metropolitan Livelihood Analysis Survey Report,-46030,,=-54240/SQRT(2.9)*1,2022 Tokyo Metropolitan Livelihood Analysis Survey Report,-46030,,=-54240/SQRT(2.9)*1
END,,,,,,,,,,,,,,,,,,,,,,,,,,,,,,,,,,,,,,,,,,,,,,,,,
,,,,,,,,,,,,,,,,,,,,,,,,,,,,,,,,,,,,,,,,,,,,,,,,,
Reference,Income and Subsidy,Abbreviation,,[U]：Universal、[O]：One-off、[G]：Gender-specific、[OV]：Orphans & Vulnerable Children,,,,,,,,,,,,,,,,,,,,,,,,,,,,,,,,,,,,,,,,,,,,,
,Program Name in English,Program Name in Japanese,,,,Link,,,,Explanation,,,,Used for,,,,,,,,,,,,,,,,,,,,,,,,,,,,,,,,,,,
,"2022 Basic Survey on Wage Structure, Summary Report on Nationwide Result",令和４年賃金構造基本統計調査,,,,https://www.mhlw.go.jp/toukei/itiran/roudou/chingin/kouzou/z2022/index.html,,,,"①Released on April 17 2023 by Ministry of Health, Labour and Welfare.",,,,Reference for Average Earning.,,,,,,,,,,,,,,,,,,,,,,,,,,,,,,,,,,,
,,,,,,https://www.e-stat.go.jp/stat-search/files?page=1&toukei=00450091&tstat=000001011429,,,,,,,,,,,,,,,,,,,,,,,,,,,,,,,,,,,,,,,,,,,
,Minimum wage in Japan,地域別最低賃金の全国一覧（令和5年）,,,,https://www.mhlw.go.jp/stf/seisakunitsuite/bunya/koyou_roudou/roudoukijun/minimumichiran/index.html,,,,"①Minimum Wage Revisions since Oct 2023, reported by Region by Ministry of Health, Labour and Welfare.",,,,Reference for MInimum Wage.,,,,,,,,,,,,,,,,,,,,,,,,,,,,,,,,,,,
,Overview of Employees' Pension Insurance and National Pension Programs in Fiscal 2021 ,令和３年度 厚生年金保険・国民年金事業の概況 ,,,,https://www.mhlw.go.jp/stf/seisakunitsuite/bunya/0000106808_1.html,,,,"①Released on Dec 2022 by Pension Bureau, Ministry of Health, Labor and Welfare.
②This report is released every year.",,,,Reference for Average Pension Rate.,,,,,,,,,,,,,,,,,,,,,,,,,,,,,,,,,,,
,Public Assistance(Living),生活保護（基準額計算）,,,,https://fuse-law.jp/cgi-bin/welfare_money.cgi,,,,"①The next updating of the principle of Public Assistance by the government is planned to be published in Oct 2023. 
②So the calculation on pucbic assistance will still be based on the existing version which is published on Oct 2020. ",,,,Reference for Public Assistance (Living and Housing).,,,,,,,,,,,,,,,,,,,,,,,,,,,,,,,,,,,
,Public Assistance(Housing),,,,,,,,,,,,,,,,,,,,,,,,,,,,,,,,,,,,,,,,,,,,,,,,
,Child Allowance,児童手当,,,,https://www8.cao.go.jp/shoushi/jidouteate/annai.html,,,,①A main page of the Child Allowance by the Cabinet Office of Japan.,,,,Reference for Child Benefits.,,,,,,,,,,,,,,,,,,,,,,,,,,,,,,,,,,,
,Child Rearing Allowance,児童扶養手当,,,,https://www.mhlw.go.jp/bunya/kodomo/osirase/100526-1.html,,,,①A main page of the Child Rearing Allowance by the Cabinet Office of Japan.,,,,,,,,,,,,,,,,,,,,,,,,,,,,,,,,,,,,,,,
,Child Growing Up Allowance(Tokyo),児童育成手当（東京）,,,,https://kosodate.city.hachioji.tokyo.jp/soshiki/kosodateshienka/kosodateshienka_shomu_kyufu_jidoteatenyukotanto_hitorioyatanto/257.html,,,,①A main page of the Child Growing Up Allowance in Hachioji City.,,,,,,,,,,,,,,,,,,,,,,,,,,,,,,,,,,,,,,,
[O],"Public Assistance(Fertility)
Child Birth Payment(Insured people only)",出産育児一時金（被保険者のみ）,,,,https://www.city.hachioji.tokyo.jp/kurashi/nenkin/001/002/005/p003472.html,,,,①A main page of the Child Birth Payment in Hachioji City.,,,,Reference for Fertility Benefits.,,,,,,,,,,,,,,,,,,,,,,,,,,,,,,,,,,,
,Public Assistance(Education),生活保護（制度の概要）,,,,https://www.mhlw.go.jp/content/12002000/000771098.pdf,,,,"①This is a whole view of the Public Assistance, including the Education related assistance.",,,,Reference for Public Assistance (Education).,,,,,,,,,,,,,,,,,,,,,,,,,,,,,,,,,,,
,School Supporting System(Primary Schools and Middle Schools),就学援助制度,,,,https://www.city.hachioji.tokyo.jp/kurashi/kyoiku/003/002/002/p004699.html,,,,①A main page of the School Supporting System in Hachioji.,,,,Reference for Education Related Subsidy.,,,,,,,,,,,,,,,,,,,,,,,,,,,,,,,,,,,
,,,,,,https://www.city.hachioji.tokyo.jp/kurashi/kyoiku/003/002/002/p004700.html,,,,,,,,,,,,,,,,,,,,,,,,,,,,,,,,,,,,,,,,,,,
,Puclic Assistance(medical care),生活保護の医療扶助について,,,,https://www.mhlw.go.jp/shingi/2008/11/dl/s1104-3b_0002.pdf,,,,①This is a page about the medical care part in the Public Assistance.,,,,Reference for Medical Related Subsidy.,,,,,,,,,,,,,,,,,,,,,,,,,,,,,,,,,,,
,"Medical Service Support For Infants, Children Of Compulsory School Attendance, High-School-Aged Children, One-parent Families",乳幼児医療費助成制度（マル乳医療証）,,,,https://www.city.hachioji.tokyo.jp/kurashi/kosodate/002/002/p028881.html,,,,①A main page of the Childrearing Medical Service Support in Hachioji City.,,,,Reference for Medical Related Subsidy.,,,,,,,,,,,,,,,,,,,,,,,,,,,,,,,,,,,
,,義務教育就学児医療費助成制度（マル子医療証）,,,,,,,,,,,,,,,,,,,,,,,,,,,,,,,,,,,,,,,,,,,,,,,
,,高校生等医療費助成制度（マル青医療証）,,,,,,,,,,,,,,,,,,,,,,,,,,,,,,,,,,,,,,,,,,,,,,,
,,ひとり親家庭医療費助成制度（マル親）,,,,,,,,,,,,,,,,,,,,,,,,,,,,,,,,,,,,,,,,,,,,,,,
,Tax and Expense,,,,,,,,,,,,,,,,,,,,,,,,,,,,,,,,,,,,,,,,,,,,,,,,
,About Tax(Local tax),税額についてのいろいろ,,,,https://www.city.hachioji.tokyo.jp/kurashi/zeikin/001/003/001/p012384.html,,,,①A main page about the Tax in Hachioji.,,,,Reference for Income Tax and Local Tax.,,,,,,,,,,,,,,,,,,,,,,,,,,,,,,,,,,,
,,,,,,https://www.city.hachioji.tokyo.jp/kurashi/zeikin/001/003/001/p012385.html,,,,,,,,,,,,,,,,,,,,,,,,,,,,,,,,,,,,,,,,,,,
,,,,,,https://www.city.hachioji.tokyo.jp/kurashi/zeikin/001/003/001/p012382.html,,,,,,,,,,,,,,,,,,,,,,,,,,,,,,,,,,,,,,,,,,,
,,,,,,https://www.city.hachioji.tokyo.jp/kurashi/zeikin/001/003/001/p012383.html,,,,,,,,,,,,,,,,,,,,,,,,,,,,,,,,,,,,,,,,,,,
,,,,,,https://www.city.hachioji.tokyo.jp/kurashi/zeikin/001/003/001/p012386.html,,,,,,,,,,,,,,,,,,,,,,,,,,,,,,,,,,,,,,,,,,,
,About Tax(Income tax),,,,,https://www.nta.go.jp/taxes/shiraberu/taxanswer/shotoku/2260.htm,,,,①A page about the income tax by National Tax Agency.,,,,,,,,,,,,,,,,,,,,,,,,,,,,,,,,,,,,,,,
,,,,,,https://www.nta.go.jp/publication/pamph/koho/kurashi/html/01_1.htm,,,,,,,,,,,,,,,,,,,,,,,,,,,,,,,,,,,,,,,,,,,
,About National Pension,国民年金,,,,https://www.nenkin.go.jp/service/kokunen/index.html,,,,①A main page of the Japan Pension Service.,,,,Reference for Pension.,,,,,,,,,,,,,,,,,,,,,,,,,,,,,,,,,,,
,About Employees' Pension,厚生年金,,,,https://www.nenkin.go.jp/service/kounen/hokenryo/ryogaku/ryogakuhyo/index.html,,,,,,,,,,,,,,,,,,,,,,,,,,,,,,,,,,,,,,,,,,,
,,,,,,https://www.nenkin.go.jp/service/kounen/index.html,,,,,,,,,,,,,,,,,,,,,,,,,,,,,,,,,,,,,,,,,,,
,About Employment Insurance,雇用保険について,,,,https://www.mhlw.go.jp/stf/seisakunitsuite/bunya/koyou_roudou/koyou/koyouhoken/index_00003.html,,,,"①A page about the employment insurance by Ministry of Health, Labour and Welfare.",,,,Reference for Employment Insurance.,,,,,,,,,,,,,,,,,,,,,,,,,,,,,,,,,,,
,,,,,,https://www.mhlw.go.jp/stf/seisakunitsuite/bunya/0000108634.html,,,,,,,,,,,,,,,,,,,,,,,,,,,,,,,,,,,,,,,,,,,
,About Nationall Health Insurance in Hachioji(for people without a formal job),国民健康保険（八王子市）,,,,https://www.city.hachioji.tokyo.jp/kurashi/nenkin/001/003/003/p003511.html,,,,①A social insurance main page of Hachioji City in Tokyo,,,,Reference for Social Health Insurance.,,,,,,,,,,,,,,,,,,,,,,,,,,,,,,,,,,,
,,,,,,https://www.city.hachioji.tokyo.jp/kurashi/nenkin/001/003/001/p003505.html,,,,,,,,,,,,,,,,,,,,,,,,,,,,,,,,,,,,,,,,,,,
,About Employees’ Health Insurance(Japan Health Insurance Association),全国健康協会(協会けんぽ),,,,https://www.kyoukaikenpo.or.jp/g7/cat330/sb3150/,,,,①A page of the National Health Insurance Association. We can check out the Insurance Expense(rate) with this page.,,,,,,,,,,,,,,,,,,,,,,,,,,,,,,,,,,,,,,,
,2022 Tokyo Metropolitan Livelihood Analysis Survey Report,2022年度「都民のくらしむき」東京都生計分析調査報告,,,,https://www.toukei.metro.tokyo.lg.jp/seikei/2022/sb22q00000.htm,,,,"①Released on April 27 2023 by Statistics Division, Bureau of General Affairs of Tokyo. 
②This survey is conducted every year, and it seems that the yearly report is always released on April 27.",,,,Main referance for Living Expense.,,,,,,,,,,,,,,,,,,,,,,,,,,,,,,,,,,,
,About the Co-payment of medical expenses,医療費の一部負担（自己負担）割合について,,,,https://www.mhlw.go.jp/bunya/shakaihosho/iryouseido01/info02d-37.html,,,,①A page of the explanation about the out-of-pocket medical expenses with health insurance. Especially for elderly and children.,,,,A supplementary referance for Medical Expense.,,,,,,,,,,,,,,,,,,,,,,,,,,,,,,,,,,,
,Family Income And Expenditure Survey 2022 Yearly Average Survey Results,家計調査報告2022,,,,https://www.stat.go.jp/english/data/sousetai/es22.html,,,,①Released on February 7 2023 by Statistics Bureau of Japan.,,,,Barely used. A supplementary reference for Living Expense. ,,,,,,,,,,,,,,,,,,,,,,,,,,,,,,,,,,,
,,,,,,https://www.stat.go.jp/data/kakei/sokuhou/tsuki/pdf/fies_gaikyo2022.pdf,,,,,,,,,,,,,,,,,,,,,,,,,,,,,,,,,,,,,,,,,,,
,Free Early Childhood Education and Childcare,保育所・認定こども園（保育認定）・地域型保育事業の利用者負担額（保育料）及び給食費等について,,,,https://www.city.hachioji.tokyo.jp/kurashi/kosodate/003/001/001/p025262.html,,,,①A main page of the system in Hachioji City.,,,,Reference for Child Care Expense(free).,,,,,,,,,,,,,,,,,,,,,,,,,,,,,,,,,,,
,,,,,,https://www8.cao.go.jp/shoushi/shinseido/musyouka/about/index.html,,,,①A main page of the system by the Cabinet Office of Japan.,,,,,,,,,,,,,,,,,,,,,,,,,,,,,,,,,,,,,,,
,,,,,,https://www.fukushi.metro.tokyo.lg.jp/kodomo//hoiku/mushouka.html,,,,①A main page of the system by the Bureau of Social Welfare and Public Health.,,,,,,,,,,,,,,,,,,,,,,,,,,,,,,,,,,,,,,,
,Multi-child Reductions in Childcare Cost,,,,,https://kosodate.city.hachioji.tokyo.jp/soshiki/hoikuyochienka/hoikuyochienka_kyufutanto/448.html,,,,①A main page of the system in Hachioji City.,,,,,,,,,,,,,,,,,,,,,,,,,,,,,,,,,,,,,,,
,Childcare cost in Hachioji,,,,,,,,,,,,,,,,,,,,,,,,,,,,,,,,,,,,,,,,,,,,,,,,
,2021 Survey of Children's Education Expenditures,令和３年度子どもの学習費調査,,,,https://www.e-stat.go.jp/stat-search/files?page=1&toukei=00400201&tstat=000001012023,,,,"①Released on Dec 21 2022 by Ministry of Education, Culture, Sports, Science and Technology.
②The data in this report is by ONE STUDENT PER YEAR.",,,,Reference for School Education Expense(except for the School Meal).,,,,,,,,,,,,,,,,,,,,,,,,,,,,,,,,,,,
,,,,,,https://www.e-stat.go.jp/stat-search/files?page=1&layout=datalist&toukei=00400201&tstat=000001012023&cycle=0&tclass1=000001172786&tclass2=000001172787&tclass3=000001172788&tclass4val=0,,,,,,,,,,,,,,,,,,,,,,,,,,,,,,,,,,,,,,,,,,,
,Actual Conditions of School Lunches in Tokyo in 2022,令和４年度東京都における学校給食の実態,,,,https://www.kyoiku.metro.tokyo.lg.jp/administration/statistics_and_research/report_index.html,,,,①Released on March 2023 by Tokyo Metropolitan Board of Education.,,,,Reference for School Education Expense(the School Meal).,,,,,,,,,,,,,,,,,,,,,,,,,,,,,,,,,,,
,High School Fee Supporting System,高等学校等就学支援金制度,,,,https://www.mext.go.jp/a_menu/shotou/mushouka/1342674.htm,,,,"①A introduction by the Ministry of Education Culture, Sports, Science and Technology.",,,,Reference for School Education Expense.,,,,,,,,,,,,,,,,,,,,,,,,,,,,,,,,,,,
,2019 Household Economy Structure Survey,2019年全国家計構造調査,,,,https://www.e-stat.go.jp/stat-search/files?page=1&layout=datalist&toukei=00200564&tstat=000001139024&cycle=0&tclass1=000001150335&tclass2=000001150336&tclass3=000001150348&tclass4val=0,,,,"①This survey is conducted every five years, so there is no available data for 2022 or 2023. The next survey is for 2024, and the results may get released in 2026. 
②According to the principle that we should use data of the Capital city instead of a National one. So it is not proper to use this survey for the expenditure part.",,,,Used in the 2021 data by the former RA Ten as the reference for Living Expense. But was used this time.,,,,,,,,,,,,,,,,,,,,,,,,,,,,,,,,,,,
,2019 Household Economy Structure Survey(imputed rent),2019年全国家計構造調査（帰属家賃グラフ）,,,,https://www.e-stat.go.jp/dbview?sid=0003424742,,,,,,,,Reference for Housing Cost.,,,,,,,,,,,,,,,,,,,,,,,,,,,,,,,,,,,
,,,,,,,,,,,,,,,,,,,,,,,,,,,,,,,,,,,,,,,,,,,,,,,,,
*Please Ignore the rows below which are the computation process of Public Assistance Amount,,,,,,,,,,,,,,,,,,,,,,,,,,,,,,,,,,,,,,,,,,,,,,,,,
Puclic Assistance Amount Calculating,,,single,,,couple,,,,,,,,,,,,,,,,,,,,,,,,,,,,,,,,,,,,,,,,,,,
2-1,Low-income living subsidy (full amount),"Puclic Assistance(living)(total amount, max with 0 income & 0 subsidy receiving)",77240 ,,"Puclic Assistance(living)(total amount, max with 0 income & 0 subsidy receiving)",123490 ,,,,,,,,,,,,,,,,,,,,,,,,,,,,,,,,,,,,,,,,,,,
,,Public Assistance(living)(basic standard),77240 ,,Public Assistance(living)(basic standard),123490,,,,,,,,,,,,,,,,,,,,,,,,,,,,,,,,,,,,,,,,,,,
,,Public Assistance(living)(single-mother additional),0 ,,Public Assistance(living)(single-mother additional),0,,,,,,,,,,,,,,,,,,,,,,,,,,,,,,,,,,,,,,,,,,,
,,Public Assistance(living)(child raring additional),0 ,,Public Assistance(living)(child raring additional),0,,,,,,,,,,,,,,,,,,,,,,,,,,,,,,,,,,,,,,,,,,,
,,,,,,,,,,,,,,,,,,,,,,,,,,,,,,,,,,,,,,,,,,,,,,,,,
8,Housing related subsidy  (full amount),"Public Assistance(housing)(total amount, max with 0 income & 0 subsidy receiving, not higher than the recipient's rent)",53700,,"Public Assistance(housing)(total amount, max with 0 income & 0 subsidy receiving, not higher than the recipient's rent)",64000,,,,,,,,,,,,,,,,,,,,,,,,,,,,,,,,,,,,,,,,,,,